,term,MAE,MSE,RMSE,MAPE
0,13train_size-3predict_size,374.55328697286626,253641.41137522427,503.6282471974981,10.886173239045789
